ticker,ID_ISIN,GICS_SECTOR_NAME,SECURITY_NAME,CUR_MKT_CAP,GICS_INDUSTRY_NAME,GICS_SUB_INDUSTRY_NAME,trade_date,Weight
1958850D IN Equity,INE130C01039,Consumer Discretionary,Revent Precision Engineering L,,Automobile Components,Automotive Parts & Equipment,2014-08-01,
3M IN Equity,INE470A01017,Industrials,3M India Ltd,407421533676.00006,Industrial Conglomerates,Industrial Conglomerates,2014-08-01,0.0013003144382669847
63MOONS IN Equity,INE111B01023,Information Technology,63 Moons Technologies Ltd,27578004394.5,Software,Application Software,2014-08-01,8.80171378503431e-05
ABAN IN Equity,INE421A01028,Energy,Aban Offshore Ltd,3845691132.47,Energy Equipment & Services,Oil & Gas Drilling,2014-08-01,1.2273793335240745e-05
ABB IN Equity,INE117A01022,Industrials,ABB India Ltd,1574563989599.9998,Electrical Equipment,Heavy Electrical Equipment,2014-08-01,0.005025331555696202
ABGS IN Equity,INE067H01016,Industrials,ABG Shipyard Ltd,,Machinery,Construction Machinery & Heavy,2014-08-01,
ABNL IN Equity,INE069A01017,Industrials,Aditya Birla Nuvo Ltd,,Industrial Conglomerates,Industrial Conglomerates,2014-08-01,
ABREL IN Equity,INE055A01016,Materials,Aditya Birla Real Estate Ltd,309179227024.0,Paper & Forest Products,Paper Products,2014-08-01,0.0009867672169513887
ACC IN Equity,INE012A01025,Materials,ACC Ltd,437140580174.5499,Construction Materials,Construction Materials,2014-08-01,0.0013951648623595017
ACEM IN Equity,INE079A01024,Materials,Ambuja Cements Ltd,1434646269761.1,Construction Materials,Construction Materials,2014-08-01,0.00457877432629703
FB IN Equity,INE171A01029,Financials,Federal Bank Ltd,500565956555.32,Banks,Diversified Banks,2014-08-01,0.0015975914054936191
FDCLT IN Equity,INE258B01022,Health Care,FDC Ltd/India,89789761326.0,Pharmaceuticals,Pharmaceuticals,2014-08-01,0.00028657032927865094
FEL IN Equity,INE623B01027,Consumer Discretionary,Future Enterprises Ltd,526173928.34999996,"Textiles, Apparel & Luxury Goo","Apparel, Accessories & Luxury",2014-08-01,1.679321045944672e-06
FLEXI IN Equity,INE060J01017,Materials,Flexituff Ventures Internation,1639851166.0,Containers & Packaging,Paper & Plastic Packaging Prod,2014-08-01,5.233700164347397e-06
FMGI IN Equity,INE529A01010,Consumer Discretionary,Federal-Mogul Goetze India Ltd,22244507180.500004,Automobile Components,Automotive Parts & Equipment,2014-08-01,7.099490691608882e-05
FNXC IN Equity,INE235A01022,Industrials,Finolex Cables Ltd,190501248131.99997,Electrical Equipment,Electrical Components & Equipm,2014-08-01,0.0006079981124682338
FNXP IN Equity,INE183A01024,Materials,Finolex Industries Ltd,189586718322.75,Chemicals,Commodity Chemicals,2014-08-01,0.0006050793263538529
FORH IN Equity,INE061F01013,Health Care,Fortis Healthcare Ltd,479662659331.8002,Health Care Providers & Servic,Health Care Facilities,2014-08-01,0.00153087706434948
FSOL IN Equity,INE684F01012,Industrials,Firstsource Solutions Ltd,236593535885.69998,Professional Services,Data Processing & Outsourced S,2014-08-01,0.0007551048859323857
GABR IN Equity,INE524A01029,Consumer Discretionary,Gabriel India Ltd,66004390430.000015,Automobile Components,Automotive Parts & Equipment,2014-08-01,0.00021065764759845335
ACLGATI IN Equity,INE152B01027,Industrials,Allcargo Gati Ltd,14716537535.699997,Air Freight & Logistics,Air Freight & Logistics,2014-08-01,4.696886309938307e-05
ADANI IN Equity,INE814H01011,Utilities,Adani Power Ltd,2303942476406.3496,Independent Power and Renewabl,Independent Power Producers &,2014-08-01,0.007353194221172911
ADE IN Equity,INE423A01024,Industrials,Adani Enterprises Ltd,3404256060185.5,Trading Companies & Distributo,Trading Companies & Distributo,2014-08-01,0.010864922299706724
ADSEZ IN Equity,INE742F01042,Industrials,Adani Ports & Special Economic,3012097744908.0,Transportation Infrastructure,Marine Ports & Services,2014-08-01,0.009613321494906582
ADV IN Equity,INE517H01028,Consumer Staples,Advanta Ltd,,Food Products,Agricultural Products & Servic,2014-08-01,
AGIG IN Equity,INE415A01038,Materials,AGI Greenpac Ltd,61967151521.79999,Containers & Packaging,"Metal, Glass & Plastic Contain",2014-08-01,0.0001977725160844168
AGLL IN Equity,INE418H01029,Industrials,Allcargo Logistics Ltd,55890817799.52,Air Freight & Logistics,Air Freight & Logistics,2014-08-01,0.00017837947026398505
AIAE IN Equity,INE212H01026,Industrials,AIA Engineering Ltd,359535389499.00006,Machinery,Industrial Machinery & Supplie,2014-08-01,0.0011474824460439002
AISG IN Equity,INE439A01020,Consumer Discretionary,Asahi India Glass Ltd,182669928649.94998,Automobile Components,Automotive Parts & Equipment,2014-08-01,0.0005830039063414432
AJRINFRA IN Equity,INE181G01025,Industrials,AJR Infra and Tolling Ltd,,Construction & Engineering,Construction & Engineering,2014-08-01,
MM IN Equity,INE101A01026,Consumer Discretionary,Mahindra & Mahindra Ltd,3503829010667.15,Automobiles,Automobile Manufacturers,2014-08-01,0.011182716364256827
MMFS IN Equity,INE774D01024,Financials,Mahindra & Mahindra Financial,337793880128.00006,Consumer Finance,Consumer Finance,2014-08-01,0.001078092891962769
MMTC IN Equity,INE123F01029,Industrials,MMTC Ltd,119760000000.0,Trading Companies & Distributo,Trading Companies & Distributo,2014-08-01,0.0003822224508405443
MOFS IN Equity,INE338I01027,Financials,Motilal Oswal Financial Servic,584597566655.4001,Capital Markets,Diversified Capital Markets,2014-08-01,0.0018657841907351827
MOIL IN Equity,INE490G01020,Materials,MOIL Ltd,68086151600.6,Metals & Mining,Steel,2014-08-01,0.0002173017345781745
MOTHERSO IN Equity,INE775A01035,Consumer Discretionary,Samvardhana Motherson Internat,1282183523200.79,Automobile Components,Automotive Parts & Equipment,2014-08-01,0.00409217876306922
MPHL IN Equity,INE356A01018,Information Technology,Mphasis Ltd,547644419502.25006,IT Services,IT Consulting & Other Services,2014-08-01,0.0017478456263468369
MRCO IN Equity,INE196A01026,Consumer Staples,Marico Ltd,836339061921.85,Food Products,Packaged Foods & Meats,2014-08-01,0.002669234852884529
MRF IN Equity,INE883A01011,Consumer Discretionary,MRF Ltd,523061438532.9,Automobile Components,Tires & Rubber,2014-08-01,0.0016693873161007493
MRL IN Equity,INE178A01016,Energy,Chennai Petroleum Corp Ltd,97633759410.00002,"Oil, Gas & Consumable Fuels",Oil & Gas Refining & Marketing,2014-08-01,0.0003116050000539935
HWA IN Equity,INE671A01010,Information Technology,Honeywell Automation India Ltd,409284267421.4501,"Electronic Equipment, Instrume",Electronic Equipment & Instrum,2014-08-01,0.0013062594838368685
HZ IN Equity,INE267A01025,Materials,Hindustan Zinc Ltd,2358784331750.0005,Metals & Mining,Diversified Metals & Mining,2014-08-01,0.007528225854089517
ICEM IN Equity,INE383A01012,Materials,India Cements Ltd/The,112616642843.4,Construction Materials,Construction Materials,2014-08-01,0.0003594239247915714
ICICIBC IN Equity,INE090A01021,Financials,ICICI Bank Ltd,9105458814898.8,Banks,Diversified Banks,2014-08-01,0.029060711291401614
ICRA IN Equity,INE725G01011,Financials,ICRA Ltd,69790946730.30002,Capital Markets,Financial Exchanges & Data,2014-08-01,0.000222742707963737
ICSL IN Equity,INE486J01014,Information Technology,Infinite Computer Solutions In,,IT Services,IT Consulting & Other Services,2014-08-01,
IDBI IN Equity,INE008A01015,Financials,IDBI Bank Ltd,906750075417.7499,Banks,Diversified Banks,2014-08-01,0.002893956547478463
IDEA IN Equity,INE669E01016,Communication Services,Vodafone Idea Ltd,588963450608.0,Wireless Telecommunication Ser,Wireless Telecommunication Ser,2014-08-01,0.0018797182159894256
IDFC IN Equity,INE043D01016,Financials,IDFC Ltd,172750319554.91998,Capital Markets,Asset Management & Custody Ban,2014-08-01,0.0005513447772525778
IECC IN Equity,INE369I01014,Industrials,IL&FS Engineering and Construc,6418376768.1,Construction & Engineering,Construction & Engineering,2014-08-01,2.048470022312286e-05
CIPLA IN Equity,INE059A01026,Health Care,Cipla Ltd/India,1259485474690.2,Pharmaceuticals,Pharmaceuticals,2014-08-01,0.004019736347145579
CLGT IN Equity,INE259A01022,Consumer Staples,Colgate-Palmolive India Ltd,833907953844.0,Personal Care Products,Personal Care Products,2014-08-01,0.002661475800715407
CMC IN Equity,INE314A01017,Information Technology,CMC Ltd,,IT Services,IT Consulting & Other Services,2014-08-01,
COAL IN Equity,INE522F01014,Energy,Coal India Ltd,2798803069707.05,"Oil, Gas & Consumable Fuels",Coal & Consumable Fuels,2014-08-01,0.008932576559147188
COFORGE IN Equity,INE591G01017,Information Technology,Coforge Ltd,503718097100.6,IT Services,IT Consulting & Other Services,2014-08-01,0.0016076516834212307
COXK IN Equity,INE008I01026,Consumer Discretionary,Cox & Kings Ltd,,"Hotels, Restaurants & Leisure","Hotels, Resorts & Cruise Lines",2014-08-01,
CRIN IN Equity,INE169A01031,Materials,Coromandel International Ltd,498288423844.19995,Chemicals,Fertilizers & Agricultural Che,2014-08-01,0.0015903224998931364
CRISIL IN Equity,INE007A01025,Financials,CRISIL Ltd,399441461265.0001,Capital Markets,Financial Exchanges & Data,2014-08-01,0.001274845476720413
CRPBK IN Equity,INE112A01023,Financials,Corp Bank,,Banks,Diversified Banks,2014-08-01,
CSTRL IN Equity,INE172A01027,Materials,Castrol India Ltd,211850232205.12,Chemicals,Commodity Chemicals,2014-08-01,0.0006761348944938157
BGRL IN Equity,INE661I01014,Industrials,BGR Energy Systems Ltd,3200365186.0,Electrical Equipment,Heavy Electrical Equipment,2014-08-01,1.0214190255324603e-05
BHAFIN IN Equity,INE180K01011,Financials,Bharat Financial Inclusion Ltd,,Consumer Finance,Consumer Finance,2014-08-01,
BHARTI IN Equity,INE397D01024,Communication Services,Bharti Airtel Ltd,9676602354851.15,Wireless Telecommunication Ser,Wireless Telecommunication Ser,2014-08-01,0.03088355601102696
BHE IN Equity,INE263A01024,Industrials,Bharat Electronics Ltd,2109967658990.8499,Aerospace & Defense,Aerospace & Defense,2014-08-01,0.00673410996838484
BHEL IN Equity,INE257A01026,Industrials,Bharat Heavy Electricals Ltd,842554870009.3499,Electrical Equipment,Heavy Electrical Equipment,2014-08-01,0.0026890730409369562
BHFC IN Equity,INE465A01025,Consumer Discretionary,Bharat Forge Ltd,660507312786.7999,Automobile Components,Automotive Parts & Equipment,2014-08-01,0.0021080554767157035
BIL IN Equity,INE787D01026,Consumer Discretionary,Balkrishna Industries Ltd,551640267524.5,Automobile Components,Tires & Rubber,2014-08-01,0.0017605986559414487
BILT IN Equity,INE294A01037,Materials,Ballarpur Industries Ltd,,Paper & Forest Products,Paper Products,2014-08-01,
BIOS IN Equity,INE376G01013,Health Care,Biocon Ltd,381550680000.00006,Biotechnology,Biotechnology,2014-08-01,0.001217745791829294
BJAUT IN Equity,INE917I01010,Consumer Discretionary,Bajaj Auto Ltd,2757934173727.6006,Automobiles,Motorcycle Manufacturers,2014-08-01,0.008802140607373539
BRCM IN Equity,INE119A01028,Consumer Staples,Balrampur Chini Mills Ltd,126799400482.5,Food Products,Packaged Foods & Meats,2014-08-01,0.0004046891918631667
BRGD IN Equity,INE791I01019,Real Estate,Brigade Enterprises Ltd,305671271556.0,Real Estate Management & Devel,Diversified Real Estate Activi,2014-08-01,0.0009755713307087497
BRGR IN Equity,INE463A01038,Materials,Berger Paints India Ltd,619912049055.75,Chemicals,Commodity Chemicals,2014-08-01,0.001978492841480231
BRIT IN Equity,INE216A01030,Consumer Staples,Britannia Industries Ltd,1371275252542.8,Food Products,Packaged Foods & Meats,2014-08-01,0.004376521274247623
BSOFT IN Equity,INE836A01035,Information Technology,Birlasoft Ltd,154066613293.99997,Software,Systems Software,2014-08-01,0.0004917144165492238
CAFL IN Equity,INE688I01017,Financials,Capital First Ltd,,Consumer Finance,Consumer Finance,2014-08-01,
CAIR IN Equity,INE910H01017,Energy,Cairn India Ltd,,"Oil, Gas & Consumable Fuels",Oil & Gas Exploration & Produc,2014-08-01,
CANF IN Equity,INE477A01020,Financials,Can Fin Homes Ltd,116649671206.24998,Financial Services,Commercial & Residential Mortg,2014-08-01,0.0003722956180544133
CARE IN Equity,INE752H01013,Financials,Care Ratings Ltd,45142767284.45,Capital Markets,Financial Exchanges & Data,2014-08-01,0.00014407631220095875
CAST IN Equity,INE068D01021,Consumer Discretionary,Castex Technologies Ltd,,Automobile Components,Automotive Parts & Equipment,2014-08-01,
GMRI IN Equity,INE776C01039,Industrials,GMR Airports Infrastructure Lt,844612486400.4799,Transportation Infrastructure,Airport Services,2014-08-01,0.002695640068157292
GNC IN Equity,INE110D01013,Materials,Gujarat NRE Coke Ltd,,Metals & Mining,Steel,2014-08-01,
GNFC IN Equity,INE113A01013,Materials,Gujarat Narmada Valley Fertili,92087726036.1,Chemicals,Fertilizers & Agricultural Che,2014-08-01,0.00029390444503883385
GNP IN Equity,INE935A01035,Health Care,Glenmark Pharmaceuticals Ltd,476982640086.8,Pharmaceuticals,Pharmaceuticals,2014-08-01,0.0015223235947091677
GOFF IN Equity,INE892H01017,Energy,GOL Offshore Ltd,,Energy Equipment & Services,Oil & Gas Equipment & Services,2014-08-01,
GP IN Equity,INE260B01028,Consumer Staples,Godfrey Phillips India Ltd,348361863696.0,Tobacco,Tobacco,2014-08-01,0.0011118213537179755
GPL IN Equity,INE484J01027,Real Estate,Godrej Properties Ltd,801569650262.4,Real Estate Management & Devel,Real Estate Development,2014-08-01,0.002558265833689817
GPPV IN Equity,INE517F01014,Industrials,Gujarat Pipavav Port Ltd,96422090049.50002,Transportation Infrastructure,Marine Ports & Services,2014-08-01,0.0003077378721934498
GRASIM IN Equity,INE047A01021,Materials,Grasim Industries Ltd,1816399602961.65,Construction Materials,Construction Materials,2014-08-01,0.005797166900048375
GRHF IN Equity,INE580B01029,,GRUH Finance Ltd,,,,2014-08-01,
IFCI IN Equity,INE039A01010,Financials,IFCI Ltd,154071192456.44998,Financial Services,Specialized Finance,2014-08-01,0.0004917290312677813
IGL IN Equity,INE203G01027,Utilities,Indraprastha Gas Ltd,295190337360.0,Gas Utilities,Gas Utilities,2014-08-01,0.000942120693137828
IGLY IN Equity,INE560A01015,Materials,India Glycols Ltd,38053231575.0,Chemicals,Commodity Chemicals,2014-08-01,0.00012144956108048835
IH IN Equity,INE053A01029,Consumer Discretionary,Indian Hotels Co Ltd/The,978751999285.2001,"Hotels, Restaurants & Leisure","Hotels, Resorts & Cruise Lines",2014-08-01,0.0031237557442541065
IIB IN Equity,INE095A01012,Financials,IndusInd Bank Ltd,827680156000.0,Banks,Diversified Banks,2014-08-01,0.0026415993465130597
IIFL IN Equity,INE530B01024,Financials,IIFL Finance Ltd,192426819322.00003,Financial Services,Commercial & Residential Mortg,2014-08-01,0.0006141437081555231
ILFT IN Equity,INE975G01012,Industrials,IL&FS Transportation Networks,1727040141.7499998,Transportation Infrastructure,Highways & Railtracks,2014-08-01,5.511969903804993e-06
IMFA IN Equity,INE919H01018,Materials,Indian Metals & Ferro Alloys L,37325450530.799995,Metals & Mining,Steel,2014-08-01,0.00011912679676527946
INBK IN Equity,INE562A01011,Financials,Indian Bank,788378018079.2998,Banks,Diversified Banks,2014-08-01,0.0025161638131185778
INDUSTOW IN Equity,INE121J01017,Communication Services,Indus Towers Ltd,904494101237.4501,Diversified Telecommunication,Integrated Telecommunication S,2014-08-01,0.0028867564474431657
MRLN IN Equity,INE934B01028,Industrials,Mercator Ltd,,Marine Transportation,Marine Transportation,2014-08-01,
MRPL IN Equity,INE103A01014,Energy,Mangalore Refinery & Petrochem,265518714715.5,"Oil, Gas & Consumable Fuels",Oil & Gas Refining & Marketing,2014-08-01,0.0008474216256061264
MSIL IN Equity,INE585B01010,Consumer Discretionary,Maruti Suzuki India Ltd,3493012597139.9995,Automobiles,Automobile Manufacturers,2014-08-01,0.011148195020839557
MTCL IN Equity,INE018I01017,Information Technology,Mindtree Ltd,,IT Services,IT Consulting & Other Services,2014-08-01,
MTEL IN Equity,INE472M01018,Consumer Discretionary,MT Educare Ltd,216684162.0,Diversified Consumer Services,Education Services,2014-08-01,6.915627209249293e-07
MUTH IN Equity,INE414G01012,Financials,Muthoot Finance Ltd,775407432271.95,Consumer Finance,Consumer Finance,2014-08-01,0.00247476727757981
NACL IN Equity,INE139A01034,Materials,National Aluminium Co Ltd,420864173991.05,Metals & Mining,Aluminum,2014-08-01,0.0013432175689198427
NAVA IN Equity,INE725A01022,Industrials,Nava Ltd,140863699370.4,Industrial Conglomerates,Industrial Conglomerates,2014-08-01,0.0004495763895108544
NBCC IN Equity,INE095N01031,Industrials,NBCC India Ltd,269919000000.0,Construction & Engineering,Construction & Engineering,2014-08-01,0.0008614654451271615
NELI IN Equity,INE060A01024,Communication Services,Navneet Education Ltd,32093608299.480003,Media,Publishing,2014-08-01,0.00010242900484755911
GAIL IN Equity,INE129A01019,Utilities,GAIL India Ltd,1316071944542.88,Gas Utilities,Gas Utilities,2014-08-01,0.004200336039793424
GALK IN Equity,INE186A01019,Materials,Gujarat Alkalies & Chemicals L,62351623718.399994,Chemicals,Commodity Chemicals,2014-08-01,0.00019899958610165543
GBGLOBAL IN Equity,INE087J01028,Consumer Discretionary,GB Global Ltd,,"Textiles, Apparel & Luxury Goo",Textiles,2014-08-01,
GCPL IN Equity,INE102D01028,Consumer Staples,Godrej Consumer Products Ltd,1304330514809.5999,Personal Care Products,Personal Care Products,2014-08-01,0.004162862442189663
GDPL IN Equity,INE852F01015,Industrials,Gateway Distriparks Ltd/old,,Transportation Infrastructure,Marine Ports & Services,2014-08-01,
GDSP IN Equity,INE233A01035,Industrials,Godrej Industries Ltd,350760975902.39996,Industrial Conglomerates,Industrial Conglomerates,2014-08-01,0.0011194782888162692
GEO IN Equity,INE797A01021,Information Technology,Geometric Ltd,,Software,Systems Software,2014-08-01,
GEOFSL IN Equity,INE007B01023,Financials,Geojit Financial Services Ltd,31213137790.64,Capital Markets,Investment Banking & Brokerage,2014-08-01,9.96189213824485e-05
GEPIL IN Equity,INE878A01011,Industrials,GE Power India Ltd,24111132474.149994,Construction & Engineering,Construction & Engineering,2014-08-01,7.695237263535944e-05
GESCO IN Equity,INE017A01032,Energy,Great Eastern Shipping Co Ltd/,183334449798.15,"Oil, Gas & Consumable Fuels",Oil & Gas Storage & Transporta,2014-08-01,0.0005851247722557751
DCW IN Equity,INE500A01029,Materials,DCW Ltd,31339559705.06,Chemicals,Commodity Chemicals,2014-08-01,0.00010002240580103206
DELTA IN Equity,INE124G01033,Consumer Discretionary,Delta Corp Ltd,31489881007.199997,"Hotels, Restaurants & Leisure",Casinos & Gaming,2014-08-01,0.00010050216679399708
DEN IN Equity,INE947J01015,Communication Services,DEN Networks Ltd,23164445436.3,Media,Cable & Satellite,2014-08-01,7.393095446747366e-05
DEWH IN Equity,INE202B01012,,Piramal Capital & Housing Fina,,,,2014-08-01,
DFPC IN Equity,INE501A01019,Materials,Deepak Fertilisers & Petrochem,157576365056.25,Chemicals,Fertilizers & Agricultural Che,2014-08-01,0.000502916035791117
DHANI IN Equity,INE274G01010,Financials,Dhani Services Ltd,38509125560.76499,Capital Markets,Investment Banking & Brokerage,2014-08-01,0.0001229045787538564
DHLBK IN Equity,INE680A01011,Financials,Dhanlaxmi Bank Ltd,8974338619.48,Banks,Regional Banks,2014-08-01,2.864223197904636e-05
DISH IN Equity,INE353G01020,Health Care,Dishman Pharmaceuticals & Chem,,Life Sciences Tools & Services,Life Sciences Tools & Services,2014-08-01,
DIVI IN Equity,INE361B01024,Health Care,Divi's Laboratories Ltd,1567207035459.0002,Life Sciences Tools & Services,Life Sciences Tools & Services,2014-08-01,0.005001851319870431
DLFU IN Equity,INE271C01023,Real Estate,DLF Ltd,2039038017817.5,Real Estate Management & Devel,Diversified Real Estate Activi,2014-08-01,0.006507733037134688
CU IN Equity,INE120A01034,Materials,Carborundum Universal Ltd,265081640107.2,Chemicals,Commodity Chemicals,2014-08-01,0.0008460266712976379
CUBK IN Equity,INE491A01021,Financials,City Union Bank Ltd,131706277969.28,Banks,Diversified Banks,2014-08-01,0.00042034983597615384
CYL IN Equity,INE136B01020,Information Technology,Cyient Ltd,204665640686.49997,IT Services,IT Consulting & Other Services,2014-08-01,0.0006532047660825337
DABUR IN Equity,INE016A01026,Consumer Staples,Dabur India Ltd,961567539761.5499,Personal Care Products,Personal Care Products,2014-08-01,0.0030689103348060464
DBCL IN Equity,INE950I01011,Communication Services,DB Corp Ltd,57781452660.6,Media,Publishing,2014-08-01,0.00018441356420391967
DBNK/F IN Equity,INE077A01010,Financials,Dena Bank,,Banks,Diversified Banks,2014-08-01,
DBREALTY IN Equity,INE879I01012,Real Estate,Valor Estate Ltd,89331424956.9,Real Estate Management & Devel,Real Estate Development,2014-08-01,0.00028510751656733865
DCBB IN Equity,INE503A01015,Financials,DCB Bank Ltd,38585078898.0,Banks,Diversified Banks,2014-08-01,0.00012314698916390555
DCIL IN Equity,INE506A01018,Industrials,Dredging Corp of India Ltd,28548800000.0,Transportation Infrastructure,Marine Ports & Services,2014-08-01,9.111550020504784e-05
DCMS IN Equity,INE499A01024,Materials,DCM Shriram Ltd,166234487536.0,Chemicals,Diversified Chemicals,2014-08-01,0.0005305490417521028
MAHLIFE IN Equity,INE813A01018,Real Estate,Mahindra Lifespace Developers,78095827474.34999,Real Estate Management & Devel,Real Estate Development,2014-08-01,0.00024924831811678664
MAST IN Equity,INE759A01021,Information Technology,Mastek Ltd,89253178070.00002,IT Services,IT Consulting & Other Services,2014-08-01,0.00028485778613245597
MAXF IN Equity,INE180A01020,Financials,Max Financial Services Ltd,443903874198.74994,Insurance,Life & Health Insurance,2014-08-01,0.0014167503902292823
MCF IN Equity,INE558B01017,Materials,Mangalore Chemicals & Fertiliz,16358646154.5,Chemicals,Fertilizers & Agricultural Che,2014-08-01,5.220976808288439e-05
MCHM IN Equity,INE274B01011,Materials,Monsanto India Ltd,,Chemicals,Fertilizers & Agricultural Che,2014-08-01,
MCLR IN Equity,INE942G01012,Consumer Staples,McLeod Russel India Ltd,3123226476.4999995,Food Products,Packaged Foods & Meats,2014-08-01,9.967996646442112e-06
MHRL IN Equity,INE998I01010,Consumer Discretionary,Mahindra Holidays & Resorts In,76911802396.79999,"Hotels, Restaurants & Leisure","Hotels, Resorts & Cruise Lines",2014-08-01,0.000245469418926758
MHS IN Equity,INE271B01025,Materials,Maharashtra Seamless Ltd,85587167714.99998,Metals & Mining,Steel,2014-08-01,0.00027315745661763525
MHSC IN Equity,INE288A01013,Financials,Maharashtra Scooters Ltd,122169106206.4,Capital Markets,Asset Management & Custody Ban,2014-08-01,0.00038991128249172473
MINF IN Equity,INE949H01023,Industrials,Man Infraconstruction Ltd,72527479120.8,Construction & Engineering,Construction & Engineering,2014-08-01,0.00023147654327687525
IVRC IN Equity,INE875A01025,Industrials,IVRCL Ltd,,Construction & Engineering,Construction & Engineering,2014-08-01,
JAGP IN Equity,INE199G01027,Communication Services,Jagran Prakashan Ltd,19647651133.44,Media,Publishing,2014-08-01,6.270685846262052e-05
JBCP IN Equity,INE572A01036,Health Care,JB Chemicals & Pharmaceuticals,304462834002.39996,Pharmaceuticals,Pharmaceuticals,2014-08-01,0.0009717145173868997
JBF IN Equity,INE187A01017,Consumer Discretionary,JBF Industries Ltd,,"Textiles, Apparel & Luxury Goo",Textiles,2014-08-01,
JDSL IN Equity,INE220G01021,Materials,Jindal Stainless Ltd,561788247663.0,Metals & Mining,Steel,2014-08-01,0.0017929866472542295
JFI IN Equity,INE070D01027,Materials,Jai Corp Ltd,58653769328.999985,Containers & Packaging,"Metal, Glass & Plastic Contain",2014-08-01,0.00018719762411461524
JI IN Equity,INE175A01038,Industrials,Jain Irrigation Systems Ltd,45339251577.86,Machinery,Agricultural & Farm Machinery,2014-08-01,0.00014470340562262578
JKBK IN Equity,INE168A01041,Financials,Jammu & Kashmir Bank Ltd/The,112452753121.55998,Banks,Diversified Banks,2014-08-01,0.0003589008592342128
JKI IN Equity,INE573A01042,Consumer Discretionary,JK Tyre & Industries Ltd,109032568743.29999,Automobile Components,Tires & Rubber,2014-08-01,0.0003479851005887128
JKIL IN Equity,INE576I01022,Industrials,J Kumar Infraprojects Ltd,59991396432.1,Construction & Engineering,Construction & Engineering,2014-08-01,0.00019146675495677976
HCLT IN Equity,INE860A01027,Information Technology,HCL Technologies Ltd,4768995039710.399,IT Services,IT Consulting & Other Services,2014-08-01,0.015220582599570038
HCP IN Equity,INE531E01026,Materials,Hindustan Copper Ltd,284643520287.00006,Metals & Mining,Copper,2014-08-01,0.0009084597857379538
HDFC IN Equity,INE001A01036,Financials,Housing Development Finance Co,,Financial Services,Diversified Financial Services,2014-08-01,
HDFCB IN Equity,INE040A01034,Financials,HDFC Bank Ltd,13256951156225.697,Banks,Diversified Banks,2014-08-01,0.04231049066137252
HDIL IN Equity,INE191I01012,Real Estate,Housing Development & Infrastr,2047697219.52,Real Estate Management & Devel,Real Estate Development,2014-08-01,6.535369487510875e-06
HEG IN Equity,INE545A01024,Industrials,HEG Ltd,85498694666.50002,Electrical Equipment,Electrical Components & Equipm,2014-08-01,0.0002728750886698147
HEUBACHI IN Equity,INE492A01029,Materials,Heubach Colorants India Ltd,12544957213.0,Chemicals,Specialty Chemicals,2014-08-01,4.003811198766386e-05
HEXW IN Equity,INE093A01033,Information Technology,Hexaware Technologies Ltd,,IT Services,IT Consulting & Other Services,2014-08-01,
HLV IN Equity,INE102A01024,Consumer Discretionary,HLV Ltd,12631419664.840002,"Hotels, Restaurants & Leisure","Hotels, Resorts & Cruise Lines",2014-08-01,4.0314062975038345e-05
HMCL IN Equity,INE158A01026,Consumer Discretionary,Hero MotoCorp Ltd,1004000182419.0001,Automobiles,Motorcycle Manufacturers,2014-08-01,0.003204337093925716
INFO IN Equity,INE009A01021,Information Technology,Infosys Ltd,7311307722714.449,IT Services,IT Consulting & Other Services,2014-08-01,0.023334552076029687
INFOE IN Equity,INE663F01024,Communication Services,Info Edge India Ltd,967792521014.0,Interactive Media & Services,Interactive Media & Services,2014-08-01,0.003088777799658651
INGR IN Equity,INE177A01018,Industrials,Ingersoll Rand India Ltd,136926200000.00002,Machinery,Industrial Machinery & Supplie,2014-08-01,0.0004370095837364941
INOL IN Equity,INE312H01016,Communication Services,Inox Leisure Ltd,,Entertainment,Movies & Entertainment,2014-08-01,
IOB IN Equity,INE565A01014,Financials,Indian Overseas Bank,1038687553467.2001,Banks,Diversified Banks,2014-08-01,0.0033150442747478465
IOCL IN Equity,INE242A01010,Energy,Indian Oil Corp Ltd,2047438353151.1702,"Oil, Gas & Consumable Fuels",Oil & Gas Refining & Marketing,2014-08-01,0.006534543297314363
IPCA IN Equity,INE571A01038,Health Care,Ipca Laboratories Ltd,407652515047.8,Pharmaceuticals,Pharmaceuticals,2014-08-01,0.0013010516315370905
IPMC IN Equity,INE681B01017,Health Care,Indraprastha Medical Corp Ltd,37365914800.00001,Health Care Providers & Servic,Health Care Facilities,2014-08-01,0.00011925594132226927
IRB IN Equity,INE821I01022,Industrials,IRB Infrastructure Developers,323026110000.0,Construction & Engineering,Construction & Engineering,2014-08-01,0.0010309605164469542
ITC IN Equity,INE154A01025,Consumer Staples,ITC Ltd,6133502154792.301,Tobacco,Tobacco,2014-08-01,0.019575502887779497
GRIL IN Equity,INE371A01025,Industrials,Graphite India Ltd,103715134074.9,Electrical Equipment,Electrical Components & Equipm,2014-08-01,0.0003310141343968263
GRV IN Equity,INE224A01026,Industrials,Greaves Cotton Ltd,43678640377.68,Machinery,Industrial Machinery & Supplie,2014-08-01,0.00013940344835119912
GSFC IN Equity,INE026A01025,Materials,Gujarat State Fertilizers & Ch,83568707591.60002,Chemicals,Fertilizers & Agricultural Che,2014-08-01,0.00026671539937573615
GTLI IN Equity,INE221H01019,Communication Services,GTL Infrastructure Ltd,27919873356.079998,Diversified Telecommunication,Integrated Telecommunication S,2014-08-01,8.910823665095616e-05
GUJS IN Equity,INE246F01010,Utilities,Gujarat State Petronet Ltd,220550226878.4,Gas Utilities,Gas Utilities,2014-08-01,0.00070390153850117
GVKP IN Equity,INE251H01024,Utilities,GVK Power & Infrastructure Ltd,8259270392.000002,Independent Power and Renewabl,Independent Power Producers &,2014-08-01,2.636004151123066e-05
HATH IN Equity,INE982F01036,Communication Services,Hathway Cable & Datacom Ltd,34994965965.0,Media,Cable & Satellite,2014-08-01,0.00011168889160173457
HAVL IN Equity,INE176B01034,Industrials,Havells India Ltd,1032723784011.0001,Electrical Equipment,Electrical Components & Equipm,2014-08-01,0.0032960104856880877
HCC IN Equity,INE549A01026,Industrials,Hindustan Construction Co Ltd,69463070418.40001,Construction & Engineering,Construction & Engineering,2014-08-01,0.00022169626768729262
HCLI IN Equity,INE236A01020,Information Technology,HCL Infosystems Ltd,5925778704.0,"Electronic Equipment, Instrume",Technology Distributors,2014-08-01,1.891253890599185e-05
ARBP IN Equity,INE406A01037,Health Care,Aurobindo Pharma Ltd,813528833336.1,Pharmaceuticals,Pharmaceuticals,2014-08-01,0.0025964344063725184
ARCP IN Equity,INE242C01024,Real Estate,Anant Raj Ltd,258879678171.59998,Real Estate Management & Devel,Real Estate Development,2014-08-01,0.0008262326742114253
ARENM IN Equity,INE885A01032,Industrials,Amara Raja Energy & Mobility L,257205544029.19998,Electrical Equipment,Electrical Components & Equipm,2014-08-01,0.0008208895575201765
ARTO IN Equity,INE769A01020,Materials,Aarti Industries Ltd,190594495687.50003,Chemicals,Specialty Chemicals,2014-08-01,0.0006082957185904626
ARVND IN Equity,INE034A01011,Consumer Discretionary,Arvind Ltd,97690899420.5,"Textiles, Apparel & Luxury Goo",Textiles,2014-08-01,0.00031178736641049277
ASTR IN Equity,INE203A01020,Health Care,AstraZeneca Pharma India Ltd,188773750000.0,Pharmaceuticals,Pharmaceuticals,2014-08-01,0.0006024846808563811
ATFL IN Equity,INE209A01019,Consumer Staples,Agro Tech Foods Ltd,23102062272.0,Food Products,Packaged Foods & Meats,2014-08-01,7.373185421739071e-05
ATLP IN Equity,INE100A01010,Materials,Atul Ltd,231175188172.24997,Chemicals,Diversified Chemicals,2014-08-01,0.0007378118486700183
ATXL IN Equity,INE449A01011,Consumer Discretionary,Automotive Axles Ltd,27828701962.5,Automobile Components,Automotive Parts & Equipment,2014-08-01,8.881725674530573e-05
AXSB IN Equity,INE238A01034,Financials,Axis Bank Ltd,3618166624574.4,Banks,Diversified Banks,2014-08-01,0.011547632889063849
BAF IN Equity,INE296A01024,Financials,Bajaj Finance Ltd,4285682921152.0015,Consumer Finance,Consumer Finance,2014-08-01,0.01367805802979443
BAJAJCON IN Equity,INE933K01021,Consumer Staples,Bajaj Consumer Care Ltd,31835049771.84,Personal Care Products,Personal Care Products,2014-08-01,0.00010160379714782394
BASF IN Equity,INE373A01013,Materials,BASF India Ltd,359716654092.0,Chemicals,Diversified Chemicals,2014-08-01,0.0011480609647228168
BATA IN Equity,INE176A01028,Consumer Discretionary,Bata India Ltd,174379739895.00003,"Textiles, Apparel & Luxury Goo",Footwear,2014-08-01,0.0005565451867034364
BBTC IN Equity,INE050A01025,Consumer Staples,Bombay Burmah Trading Co,192322753754.99997,Food Products,Packaged Foods & Meats,2014-08-01,0.0006138115755898345
BCORP IN Equity,INE340A01012,Materials,Birla Corp Ltd,92048341536.45,Construction Materials,Construction Materials,2014-08-01,0.00029377874664219595
BD IN Equity,INE032A01023,Consumer Discretionary,Bombay Dyeing & Manufacturing,48630707554.00001,"Textiles, Apparel & Luxury Goo",Textiles,2014-08-01,0.00015520831853206124
BDE IN Equity,INE233B01017,Industrials,Blue Dart Express Ltd,191562729562.19998,Air Freight & Logistics,Air Freight & Logistics,2014-08-01,0.0006113859050014066
BEML IN Equity,INE258A01016,Industrials,BEML Ltd,169201603500.0,Machinery,Construction Machinery & Heavy,2014-08-01,0.0005400188007341351
BFUT IN Equity,INE243D01012,Industrials,BF Utilities Ltd,32424294182.399998,Construction & Engineering,Construction & Engineering,2014-08-01,0.00010348441206723221
GETD IN Equity,INE200A01026,Industrials,GE T&D India Ltd,461728716565.5,Electrical Equipment,Heavy Electrical Equipment,2014-08-01,0.0014736396264956948
GFLTD IN Equity,INE538A01037,Communication Services,GFL Ltd,10232527500.000002,Entertainment,Movies & Entertainment,2014-08-01,3.265783015483691e-05
GGAS IN Equity,INE374A01029,Utilities,Gujarat Gas Co Ltd,,Gas Utilities,Gas Utilities,2014-08-01,
GHCL IN Equity,INE539A01019,Materials,GHCL Ltd,57658744389.899994,Chemicals,Commodity Chemicals,2014-08-01,0.00018402193214008065
GILL IN Equity,INE322A01010,Consumer Staples,Gillette India Ltd,324584605058.7,Personal Care Products,Personal Care Products,2014-08-01,0.0010359345628811493
GIP IN Equity,INE162A01010,Utilities,Gujarat Industries Power Co Lt,32379854327.039997,Independent Power and Renewabl,Independent Power Producers &,2014-08-01,0.00010334257914780419
GITG IN Equity,INE346H01014,Consumer Discretionary,Gitanjali Gems Ltd,,"Textiles, Apparel & Luxury Goo","Apparel, Accessories & Luxury",2014-08-01,
GLXO IN Equity,INE159A01016,Health Care,GlaxoSmithKline Pharmaceutical,463003631525.39996,Pharmaceuticals,Pharmaceuticals,2014-08-01,0.0014777086071285125
GMDC IN Equity,INE131A01031,Energy,Gujarat Mineral Development Co,118629900000.00002,"Oil, Gas & Consumable Fuels",Coal & Consumable Fuels,2014-08-01,0.00037861565732271786
GMON IN Equity,INE259B01020,Industrials,Gammon India Ltd,,Construction & Engineering,Construction & Engineering,2014-08-01,
ELSC IN Equity,INE086A01029,Industrials,Electrosteel Castings Ltd,105177926312.73999,Building Products,Building Products,2014-08-01,0.000335682738556961
EMBDL IN Equity,INE069I01010,Real Estate,Equinox India Developments Ltd,70724650519.43999,Real Estate Management & Devel,Diversified Real Estate Activi,2014-08-01,0.00022572268918154078
ENGR IN Equity,INE510A01028,Industrials,Engineers India Ltd,110261472735.14,Construction & Engineering,Construction & Engineering,2014-08-01,0.00035190723398558
ENIL IN Equity,INE265F01028,Communication Services,Entertainment Network India Lt,9208970769.699999,Media,Broadcasting,2014-08-01,2.939107696487698e-05
EPLL IN Equity,INE255A01020,Materials,EPL Ltd,86593470310.8,Containers & Packaging,"Metal, Glass & Plastic Contain",2014-08-01,0.0002763691420255668
ERIE IN Equity,INE039E01020,Industrials,Era Infra Engineering Ltd,,Construction & Engineering,Construction & Engineering,2014-08-01,
EROS IN Equity,INE416L01017,Communication Services,Eros International Media Ltd,1686170212.0199997,Entertainment,Movies & Entertainment,2014-08-01,5.381530652743858e-06
ESAB IN Equity,INE284A01012,Industrials,ESAB India Ltd,98800868521.00002,Machinery,Industrial Machinery & Supplie,2014-08-01,0.0003153299107487559
ESCORTS IN Equity,INE042A01014,Industrials,Escorts Kubota Ltd,424699141959.39996,Machinery,Agricultural & Farm Machinery,2014-08-01,0.0013554571385236982
EXID IN Equity,INE302A01020,Consumer Discretionary,Exide Industries Ltd,390107500000.0,Automobile Components,Automotive Parts & Equipment,2014-08-01,0.0012450554838116033
HMFC IN Equity,INE548A01028,Communication Services,HFCL Ltd,175847389054.68002,Diversified Telecommunication,Integrated Telecommunication S,2014-08-01,0.0005612292920707289
HMN IN Equity,INE548C01032,Consumer Staples,Emami Ltd,314578905404.74994,Personal Care Products,Personal Care Products,2014-08-01,0.0010040006697272818
HNDL IN Equity,INE038A01020,Materials,Hindalco Industries Ltd,1552601895740.7,Metals & Mining,Aluminum,2014-08-01,0.004955237990728837
HOE IN Equity,INE345A01011,Energy,Hindustan Oil Exploration Co L,27802829079.360004,"Oil, Gas & Consumable Fuels",Oil & Gas Exploration & Produc,2014-08-01,8.873468162169117e-05
HPCL IN Equity,INE094A01015,Energy,Hindustan Petroleum Corp Ltd,810700379167.5,"Oil, Gas & Consumable Fuels",Oil & Gas Refining & Marketing,2014-08-01,0.002587407196248834
HSS IN Equity,INE049A01027,Consumer Discretionary,Himatsingka Seide Ltd,16819436642.800003,"Textiles, Apparel & Luxury Goo",Textiles,2014-08-01,5.368041328797823e-05
HTFL IN Equity,INE978A01027,Consumer Staples,Heritage Foods Ltd,49158681000.00001,Food Products,Packaged Foods & Meats,2014-08-01,0.00015689338286496745
HTML IN Equity,INE501G01024,Communication Services,HT Media Ltd,5855947580.24,Media,Publishing,2014-08-01,1.868966797021616e-05
HUB IN Equity,INE703H01016,Real Estate,Hubtown Ltd,22230165725.100002,Real Estate Management & Devel,Real Estate Development,2014-08-01,7.094913515396784e-05
HUVR IN Equity,INE030A01027,Consumer Staples,Hindustan Unilever Ltd,5962087827324.999,Personal Care Products,Personal Care Products,2014-08-01,0.019028422023102346
KVB IN Equity,INE036D01028,Financials,Karur Vysya Bank Ltd/The,181834799476.27002,Banks,Diversified Banks,2014-08-01,0.000580338532931854
LANCI IN Equity,INE785C01048,Industrials,Lanco Infratech Ltd,,Construction & Engineering,Construction & Engineering,2014-08-01,
LICHF IN Equity,INE115A01026,Financials,LIC Housing Finance Ltd,348767445150.0,Financial Services,Commercial & Residential Mortg,2014-08-01,0.0011131157954127262
LIIL IN Equity,INE473A01011,Materials,Linde India Ltd,668538759885.85,Chemicals,Industrial Gases,2014-08-01,0.002133688404187272
LLL IN Equity,INE597L01014,Consumer Discretionary,Lovable Lingerie Ltd,1886112000.0,"Textiles, Apparel & Luxury Goo","Apparel, Accessories & Luxury",2014-08-01,6.019658911153646e-06
LMW IN Equity,INE269B01029,Industrials,LMW Ltd,178482483450.0,Machinery,Industrial Machinery & Supplie,2014-08-01,0.0005696393808981787
LPC IN Equity,INE326A01037,Health Care,Lupin Ltd,1002579577881.7,Pharmaceuticals,Pharmaceuticals,2014-08-01,0.00319980313477473
LT IN Equity,INE018A01030,Industrials,Larsen & Toubro Ltd,4986212755615.001,Construction & Engineering,Construction & Engineering,2014-08-01,0.01591384819525342
LTF IN Equity,INE498L01015,Financials,L&T Finance Ltd,370698288801.24,Financial Services,Diversified Financial Services,2014-08-01,0.0011831096231463413
LVB IN Equity,INE694C01018,Financials,Lakshmi Vilas Bank Ltd/The,,Banks,Diversified Banks,2014-08-01,
JTEKT IN Equity,INE643A01035,Consumer Discretionary,JTEKT India Ltd,43825019104.229996,Automobile Components,Automotive Parts & Equipment,2014-08-01,0.00013987062633727843
JUBI IN Equity,INE797F01020,Consumer Discretionary,Jubilant Foodworks Ltd,381093595260.0,"Hotels, Restaurants & Leisure",Restaurants,2014-08-01,0.0012162869737801572
JUBLPHAR IN Equity,INE700A01033,Health Care,Jubilant Pharmova Ltd,201108366101.39996,Pharmaceuticals,Pharmaceuticals,2014-08-01,0.0006418514744139489
JUST IN Equity,INE599M01018,Communication Services,Just Dial Ltd,97090489959.4,Interactive Media & Services,Interactive Media & Services,2014-08-01,0.00030987111744815567
JYL IN Equity,INE668F01031,Consumer Staples,Jyothy Labs Ltd,193831082735.4,Household Products,Household Products,2014-08-01,0.0006186255134619313
JYS IN Equity,INE197A01024,Industrials,Jyoti Structures Ltd,33436586706.200005,Construction & Engineering,Construction & Engineering,2014-08-01,0.00010671521475105317
KBL IN Equity,INE614B01018,Financials,Karnataka Bank Ltd/The,82695695885.04,Banks,Diversified Banks,2014-08-01,0.0002639291212019397
KCPL IN Equity,INE805C01028,Materials,KCP Ltd/The,28178297941.2,Construction Materials,Construction Materials,2014-08-01,8.993301686373185e-05
KECI IN Equity,INE389H01022,Industrials,KEC International Ltd,266745709999.99997,Construction & Engineering,Construction & Engineering,2014-08-01,0.0008513376672294678
KEKC IN Equity,INE401H01017,Consumer Discretionary,Kewal Kiran Clothing Ltd,39255242844.99999,"Textiles, Apparel & Luxury Goo","Apparel, Accessories & Luxury",2014-08-01,0.0001252858644669058
AKZO IN Equity,INE133A01011,Materials,Akzo Nobel India Ltd,205773908809.0,Chemicals,Specialty Chemicals,2014-08-01,0.0006567418816300488
AL IN Equity,INE208A01029,Industrials,Ashok Leyland Ltd,614447407503.0,Machinery,Construction Machinery & Heavy,2014-08-01,0.001961052054178484
ALBK IN Equity,INE428A01015,Financials,Allahabad Bank,,Banks,Diversified Banks,2014-08-01,
ALOK IN Equity,INE270A01029,Consumer Discretionary,Alok Industries Ltd,113306785950.82,"Textiles, Apparel & Luxury Goo",Textiles,2014-08-01,0.00036162656498820453
ANDB IN Equity,INE434A01013,Financials,Andhra Bank,,Banks,Diversified Banks,2014-08-01,
APHS IN Equity,INE437A01024,Health Care,Apollo Hospitals Enterprise Lt,1011086518791.1498,Health Care Providers & Servic,Health Care Facilities,2014-08-01,0.0032269536341365005
APIL IN Equity,INE436A01026,Real Estate,Ansal Properties & Infrastruct,1651149875.24,Real Estate Management & Devel,Real Estate Development,2014-08-01,5.269760788404239e-06
APNT IN Equity,INE021A01026,Materials,Asian Paints Ltd,2819897622931.5,Chemicals,Specialty Chemicals,2014-08-01,0.008999901307250358
APTR IN Equity,INE266F01018,Consumer Discretionary,Aptech Ltd,10287709811.909998,Diversified Consumer Services,Education Services,2014-08-01,3.283394837879554e-05
APTY IN Equity,INE438A01022,Consumer Discretionary,Apollo Tyres Ltd,319582796027.2,Automobile Components,Tires & Rubber,2014-08-01,0.00101997093807607
DRRD IN Equity,INE089A01031,Health Care,Dr Reddy's Laboratories Ltd,1050941831124.0,Pharmaceuticals,Pharmaceuticals,2014-08-01,0.00335415466251724
ECLX IN Equity,INE738I01010,Industrials,eClerx Services Ltd,141130833286.19998,Professional Services,Data Processing & Outsourced S,2014-08-01,0.0004504289661641585
EDA IN Equity,INE825H01017,Materials,Ess Dee Aluminium Ltd,,Containers & Packaging,"Metal, Glass & Plastic Contain",2014-08-01,
EDEL IN Equity,INE532F01054,Financials,Edelweiss Financial Services L,107073884383.2,Capital Markets,Asset Management & Custody Ban,2014-08-01,0.00034173382189348517
EDSL IN Equity,INE216H01027,Consumer Discretionary,Educomp Solutions Ltd,243709664.32,Diversified Consumer Services,Education Services,2014-08-01,7.778165096018432e-07
EID IN Equity,INE126A01031,Materials,EID Parry India Ltd,144291075028.6,Chemicals,Fertilizers & Agricultural Che,2014-08-01,0.00046051509963133226
EIH IN Equity,INE230A01023,Consumer Discretionary,EIH Ltd,236544001841.50003,"Hotels, Restaurants & Leisure","Hotels, Resorts & Cruise Lines",2014-08-01,0.000754946794551506
EIM IN Equity,INE066A01021,Consumer Discretionary,Eicher Motors Ltd,1357587133056.0002,Automobiles,Motorcycle Manufacturers,2014-08-01,0.004332834679577927
ELDP IN Equity,INE975A01015,Health Care,Elder Pharmaceuticals Ltd,,Pharmaceuticals,Pharmaceuticals,2014-08-01,
ELEQ IN Equity,INE285A01027,Industrials,Elgi Equipments Ltd,210078986706.4,Machinery,Industrial Machinery & Supplie,2014-08-01,0.0006704818400886634
CBK IN Equity,INE476A01022,Financials,Canara Bank,942984904989.6,Banks,Diversified Banks,2014-08-01,0.003009602550858072
CBOI IN Equity,INE483A01010,Financials,Central Bank of India Ltd,504536199787.83997,Banks,Diversified Banks,2014-08-01,0.0016102627156035628
CCRI IN Equity,INE111A01025,Industrials,Container Corp Of India Ltd,514975582929.60004,Ground Transportation,Rail Transportation,2014-08-01,0.001643580740066714
CENK IN Equity,INE485A01015,Consumer Discretionary,Century Enka Ltd,12948659041.4,"Textiles, Apparel & Luxury Goo",Textiles,2014-08-01,4.1326554725304615e-05
CESC IN Equity,INE486A01021,Utilities,CESC Ltd,252773025296.70004,Electric Utilities,Electric Utilities,2014-08-01,0.0008067428626860687
CETL IN Equity,INE247G01024,Information Technology,CORE Education & Technologies,,IT Services,IT Consulting & Other Services,2014-08-01,
CGPOWER IN Equity,INE067A01029,Industrials,CG Power & Industrial Solution,1101428520536.4,Electrical Equipment,Electrical Components & Equipm,2014-08-01,0.003515286477497474
CHMB IN Equity,INE085A01013,Materials,Chambal Fertilisers and Chemic,193994980331.39996,Chemicals,Fertilizers & Agricultural Che,2014-08-01,0.0006191486041502245
CHOLAHLD IN Equity,INE149A01033,Financials,Cholamandalam Financial Holdin,327737393301.69995,Consumer Finance,Consumer Finance,2014-08-01,0.0010459969079815224
CIFC IN Equity,INE121A01024,Financials,Cholamandalam Investment and F,1078455565776.0,Consumer Finance,Consumer Finance,2014-08-01,0.003441966678970679
JKLC IN Equity,INE786A01032,Materials,JK Lakshmi Cement Ltd,97901494912.0,Construction Materials,Construction Materials,2014-08-01,0.00031245949671190475
JM IN Equity,INE780C01023,Financials,JM Financial Ltd,135544994981.33998,Capital Markets,Investment Banking & Brokerage,2014-08-01,0.00043260137091630794
JPA IN Equity,INE455F01025,Industrials,Jaiprakash Associates Ltd,17967640084.800003,Industrial Conglomerates,Industrial Conglomerates,2014-08-01,5.7344985212366914e-05
JPIN IN Equity,INE099J01015,Industrials,Jaypee Infratech Ltd,,Construction & Engineering,Construction & Engineering,2014-08-01,
JPVL IN Equity,INE351F01018,Utilities,Jaiprakash Power Ventures Ltd,126583384534.68997,Independent Power and Renewabl,Independent Power Producers &,2014-08-01,0.0004039997617947583
JSAW IN Equity,INE324A01032,Materials,Jindal Saw Ltd,201093364181.3,Metals & Mining,Steel,2014-08-01,0.000641803594732353
JSP IN Equity,INE749A01030,Materials,Jindal Steel & Power Ltd,948171886161.5,Metals & Mining,Steel,2014-08-01,0.003026157165554025
JSTL IN Equity,INE019A01038,Materials,JSW Steel Ltd,2367933075277.8,Metals & Mining,Steel,2014-08-01,0.007557424711582062
JSW IN Equity,INE121E01018,Utilities,JSW Energy Ltd,1193114133075.15,Independent Power and Renewabl,Independent Power Producers &,2014-08-01,0.0038079075490687632
JSWISPL IN Equity,INE743C01021,Materials,JSW Ispat Special Products Ltd,,Metals & Mining,Steel,2014-08-01,
BJE IN Equity,INE193E01025,Consumer Discretionary,Bajaj Electricals Ltd,100585232546.4,Household Durables,Household Appliances,2014-08-01,0.000321024833853132
BJFIN IN Equity,INE918I01026,Financials,Bajaj Finserv Ltd,2801662981605.9,Financial Services,Diversified Financial Services,2014-08-01,0.008941704168826267
BJH IN Equity,INE306A01021,Consumer Staples,Bajaj Hindusthan Sugar Ltd,45078032353.18,Food Products,Packaged Foods & Meats,2014-08-01,0.00014386970612142457
BJHI IN Equity,INE118A01012,Financials,Bajaj Holdings & Investment Lt,1149945756750.5,Financial Services,Multi-Sector Holdings,2014-08-01,0.003670132644279062
BLCL IN Equity,INE164A01016,Industrials,Balmer Lawrie & Co Ltd,41372670501.24,Industrial Conglomerates,Industrial Conglomerates,2014-08-01,0.00013204378354043288
BLSTR IN Equity,INE472A01039,Industrials,Blue Star Ltd,394184110074.8,Building Products,Building Products,2014-08-01,0.0012580662711689122
BOB IN Equity,INE028A01039,Financials,Bank of Baroda,1311974584812.2998,Banks,Diversified Banks,2014-08-01,0.0041872590284524275
BOI IN Equity,INE084A01016,Financials,Bank of India,501612945475.88,Banks,Diversified Banks,2014-08-01,0.0016009329441644552
BOS IN Equity,INE323A01026,Consumer Discretionary,Bosch Ltd,1037649666526.0001,Automobile Components,Automotive Parts & Equipment,2014-08-01,0.003311731785683377
BPCL IN Equity,INE029A01011,Energy,Bharat Petroleum Corp Ltd,1357952217744.0,"Oil, Gas & Consumable Fuels",Oil & Gas Refining & Marketing,2014-08-01,0.0043339998729998675
KJC IN Equity,INE217B01036,Industrials,Kajaria Ceramics Ltd,194287163085.00003,Building Products,Building Products,2014-08-01,0.0006200811259285674
KKC IN Equity,INE298A01020,Industrials,Cummins India Ltd,970130700000.0,Machinery,Construction Machinery & Heavy,2014-08-01,0.0030962402621046493
KMB IN Equity,INE237A01028,Financials,Kotak Mahindra Bank Ltd,3468076548932.8003,Banks,Diversified Banks,2014-08-01,0.01106860987170768
KNPL IN Equity,INE531A01024,Materials,Kansai Nerolac Paints Ltd,232009903986.0,Chemicals,Commodity Chemicals,2014-08-01,0.0007404759028123604
KPDL IN Equity,INE094I01018,Real Estate,Kolte-Patil Developers Ltd,28285040809.35,Real Estate Management & Devel,Real Estate Development,2014-08-01,9.027369422406954e-05
KPIL IN Equity,INE220B01022,Industrials,Kalpataru Projects Internation,210148464534.80002,Construction & Engineering,Construction & Engineering,2014-08-01,0.0006707035834574855
KSB IN Equity,INE999A01023,Industrials,KSB Ltd,139153058351.0,Machinery,Industrial Machinery & Supplie,2014-08-01,0.0004441167585577529
KSCL IN Equity,INE455I01029,Consumer Staples,Kaveri Seed Co Ltd,47347092901.950005,Food Products,Agricultural Products & Servic,2014-08-01,0.00015111157222076044
KSI IN Equity,INE087A01019,Materials,Kesoram Industries Ltd,66446200397.77999,Construction Materials,Construction Materials,2014-08-01,0.00021206771513929037
KSK IN Equity,INE143H01015,Utilities,KSK Energy Ventures Ltd,,Electric Utilities,Electric Utilities,2014-08-01,
NETM IN Equity,INE870H01013,Communication Services,Network18 Media & Investments,90215553882.23,Media,Broadcasting,2014-08-01,0.00028792927612561063
NHPC IN Equity,INE848E01016,Utilities,NHPC Ltd,845088778144.6499,Independent Power and Renewabl,Renewable Electricity,2014-08-01,0.002697160186709161
NIIT IN Equity,INE161A01038,Consumer Discretionary,NIIT Ltd,22399606782.609997,Diversified Consumer Services,Education Services,2014-08-01,7.148991818899191e-05
NJCC IN Equity,INE868B01028,Industrials,NCC Ltd/India,196264843408.80002,Construction & Engineering,Construction & Engineering,2014-08-01,0.0006263930315760453
NLC IN Equity,INE589A01014,Utilities,NLC India Ltd,358514895256.95,Independent Power and Renewabl,Independent Power Producers &,2014-08-01,0.001144225467000271
NMDC IN Equity,INE584A01023,Materials,NMDC Ltd,653056207614.0001,Metals & Mining,Steel,2014-08-01,0.0020842747512596397
NTB IN Equity,INE781B01015,Industrials,Noida Toll Bridge Co Ltd,2763133829.68,Transportation Infrastructure,Highways & Railtracks,2014-08-01,8.818735674521614e-06
NTPC IN Equity,INE733E01010,Utilities,NTPC Ltd,3988723614220.9,Independent Power and Renewabl,Independent Power Producers &,2014-08-01,0.012730291546034285
OAXE IN Equity,INE800H01010,Real Estate,Omaxe Ltd,21655423936.000004,Real Estate Management & Devel,Real Estate Development,2014-08-01,6.911480636947986e-05
OBC IN Equity,INE141A01014,Financials,Oriental Bank of Commerce,,Banks,Diversified Banks,2014-08-01,
PI IN Equity,INE603J01030,Materials,PI Industries Ltd,683300473942.5001,Chemicals,Fertilizers & Agricultural Che,2014-08-01,0.0021808014513260508
PIDI IN Equity,INE318A01026,Materials,Pidilite Industries Ltd,1606582908918.75,Chemicals,Diversified Chemicals,2014-08-01,0.005127522185416296
PIEL IN Equity,INE140A01024,Financials,Piramal Enterprises Ltd,240347954315.0,Financial Services,Specialized Finance,2014-08-01,0.0007670873760253045
PKI IN Equity,INE603A01013,Materials,Prakash Industries Ltd,30465402450.68,Metals & Mining,Steel,2014-08-01,9.723247153091545e-05
PLNG IN Equity,INE347G01014,Energy,Petronet LNG Ltd,503850029559.2,"Oil, Gas & Consumable Fuels",Oil & Gas Storage & Transporta,2014-08-01,0.0016080727551285748
PNB IN Equity,INE160A01022,Financials,Punjab National Bank,1160557411202.6401,Banks,Diversified Banks,2014-08-01,0.003704000484728043
POL/F IN Equity,INE763A01023,Information Technology,Polaris Consulting & Services,,IT Services,IT Consulting & Other Services,2014-08-01,
POONAWAL IN Equity,INE511C01022,Financials,Poonawalla Fincorp Ltd,294180661855.0,Consumer Finance,Consumer Finance,2014-08-01,0.0009388982428533025
POWF IN Equity,INE134E01011,Financials,Power Finance Corp Ltd,1515076718016.0002,Financial Services,Specialized Finance,2014-08-01,0.004835473750597227
PRIF IN Equity,INE367G01038,Communication Services,Prime Focus Ltd,40436457574.08,Entertainment,Movies & Entertainment,2014-08-01,0.0001290557942324194
SPADV IN Equity,INE232I01014,Health Care,Sun Pharma Advanced Research C,70072481197.56,Pharmaceuticals,Pharmaceuticals,2014-08-01,0.00022364124498838793
SPII IN Equity,INE550H01011,Industrials,Supreme Infrastructure India L,3189938916.3599997,Construction & Engineering,Construction & Engineering,2014-08-01,1.0180914083523289e-05
SPPT IN Equity,INE663A01033,Materials,Supreme Petrochem Ltd,143475543946.0,Chemicals,Specialty Chemicals,2014-08-01,0.0004579122749058144
SRCM IN Equity,INE070A01015,Materials,Shree Cement Ltd,910715964305.3999,Construction Materials,Construction Materials,2014-08-01,0.0029066139603909453
SREI IN Equity,INE872A01014,Financials,Srei Infrastructure Finance Lt,,Financial Services,Specialized Finance,2014-08-01,
SRF IN Equity,INE647A01010,Materials,SRF Ltd,667637633347.5,Chemicals,Diversified Chemicals,2014-08-01,0.0021308123955532912
SRIN IN Equity,INE805D01034,Real Estate,Sunteck Realty Ltd,81805340690.55,Real Estate Management & Devel,Diversified Real Estate Activi,2014-08-01,0.0002610874900683678
SSOF IN Equity,INE269A01021,Information Technology,Sonata Software Ltd,172601474247.99997,IT Services,IT Consulting & Other Services,2014-08-01,0.0005508697270020177
STR IN Equity,INE939A01011,Health Care,Strides Pharma Science Ltd,143730688482.0,Pharmaceuticals,Pharmaceuticals,2014-08-01,0.00045872658661146314
SUEL IN Equity,INE040H01021,Industrials,Suzlon Energy Ltd,930455771705.7,Electrical Equipment,Heavy Electrical Equipment,2014-08-01,0.002969614942051458
RALI IN Equity,INE613A01020,Materials,Rallis India Ltd,66790340270.50001,Chemicals,Fertilizers & Agricultural Che,2014-08-01,0.0002131660617122947
RAMCO IN Equity,INE614A01028,Materials,Ramco Industries Ltd,21394092837.0,Construction Materials,Construction Materials,2014-08-01,6.828074981352933e-05
RBXY IN Equity,INE015A01028,Health Care,Ranbaxy Laboratories Ltd,,Pharmaceuticals,Pharmaceuticals,2014-08-01,
RCAPT IN Equity,INE013A01015,Financials,Reliance Capital Ltd,,Insurance,Multi-line Insurance,2014-08-01,
RCF IN Equity,INE027A01015,Materials,Rashtriya Chemicals & Fertiliz,89621731845.0,Chemicals,Fertilizers & Agricultural Che,2014-08-01,0.00028603405138919466
RCOM IN Equity,INE330H01018,Communication Services,Reliance Communications Ltd,6084172710.000001,Wireless Telecommunication Ser,Wireless Telecommunication Ser,2014-08-01,1.9418064500278527e-05
RDCK IN Equity,INE944F01028,Consumer Staples,Radico Khaitan Ltd,321386292427.2,Beverages,Distillers & Vintners,2014-08-01,0.001025726923497664
RECL IN Equity,INE020B01018,Financials,REC Ltd,1387182403200.0,Financial Services,Specialized Finance,2014-08-01,0.004427290062741985
REDI IN Equity,INE891D01026,Information Technology,Redington Ltd,151093544279.37,"Electronic Equipment, Instrume",Technology Distributors,2014-08-01,0.00048222565798801853
REIA IN Equity,INE385B01031,Consumer Staples,REI Agro Ltd,,Food Products,Packaged Foods & Meats,2014-08-01,
TBZL IN Equity,INE760L01018,Consumer Discretionary,Tribhovandas Bhimji Zaveri Ltd,18077324957.999996,Specialty Retail,Other Specialty Retail,2014-08-01,5.769505218844103e-05
TC IN Equity,INE332A01027,Consumer Discretionary,Thomas Cook India Ltd,92020549344.06,"Hotels, Restaurants & Leisure","Hotels, Resorts & Cruise Lines",2014-08-01,0.0002936900459083154
TCO IN Equity,INE493A01027,Consumer Staples,Tata Coffee Ltd,,Food Products,Packaged Foods & Meats,2014-08-01,
TCOM IN Equity,INE151A01013,Communication Services,Tata Communications Ltd,510378000000.0,Diversified Telecommunication,Integrated Telecommunication S,2014-08-01,0.0016289072312549709
TCS IN Equity,INE467B01029,Information Technology,Tata Consultancy Services Ltd,14415184289215.598,IT Services,IT Consulting & Other Services,2014-08-01,0.04600707304894869
TDPS IN Equity,INE419M01027,Industrials,TD Power Systems Ltd,64644397006.79999,Electrical Equipment,Heavy Electrical Equipment,2014-08-01,0.00020631713307488507
TECHM IN Equity,INE669C01036,Information Technology,Tech Mahindra Ltd,1569071941542.3,IT Services,IT Consulting & Other Services,2014-08-01,0.005007803298609128
TEEC IN Equity,INE286K01024,Industrials,Techno Electric & Engg Co Ltd/,,Construction & Engineering,Construction & Engineering,2014-08-01,
TELX IN Equity,INE670A01012,Information Technology,Tata Elxsi Ltd,442669144420.0,Software,Systems Software,2014-08-01,0.0014128096634243425
THEAL IN Equity,INE040M01013,Consumer Discretionary,Tree House Education and Acces,719282308.0,Diversified Consumer Services,Education Services,2014-08-01,2.295640001753534e-06
WH IN Equity,INE398A01010,Consumer Staples,Venky's India Ltd,25968595182.4,Food Products,Packaged Foods & Meats,2014-08-01,8.288059531983032e-05
WHIRL IN Equity,INE716A01013,Consumer Discretionary,Whirlpool of India Ltd,259490953899.0,Household Durables,Household Appliances,2014-08-01,0.0008281836036258055
WPL IN Equity,INE049B01025,Health Care,Wockhardt Ltd,191800615689.2,Pharmaceuticals,Pharmaceuticals,2014-08-01,0.0006121451352826601
WPRO IN Equity,INE075A01022,Information Technology,Wipro Ltd,2884454383355.0503,IT Services,IT Consulting & Other Services,2014-08-01,0.009205938742015014
YES IN Equity,INE528G01035,Financials,Yes Bank Ltd,649225356896.47,Banks,Diversified Banks,2014-08-01,0.0020720483221509335
Z IN Equity,INE256A01028,Communication Services,Zee Entertainment Enterprises,118326387349.8,Media,Broadcasting,2014-08-01,0.00037764697538366846
ZCVCS IN Equity,INE342J01019,Consumer Discretionary,ZF Commercial Vehicle Control,273150280425.59995,Automobile Components,Automotive Parts & Equipment,2014-08-01,0.0008717783035408714
ZENT IN Equity,INE520A01027,Information Technology,Zensar Technologies Ltd,158298819589.8,IT Services,IT Consulting & Other Services,2014-08-01,0.0005052218001735013
ZYDUSLIF IN Equity,INE010B01027,Health Care,Zydus Lifesciences Ltd,1010258925960.0,Pharmaceuticals,Pharmaceuticals,2014-08-01,0.0032243123134933797
ZYWL IN Equity,INE768C01010,Consumer Staples,Zydus Wellness Ltd,124025411870.39998,Food Products,Packaged Foods & Meats,2014-08-01,0.00039583581238821153
SCHFL IN Equity,INE513A01022,Industrials,Schaeffler India Ltd,545531069034.00006,Machinery,Industrial Machinery & Supplie,2014-08-01,0.001741100719905124
SCI IN Equity,INE109A01011,Industrials,Shipping Corp of India Ltd,102499072150.50002,Marine Transportation,Marine Transportation,2014-08-01,0.00032713298736010264
SCUF IN Equity,INE722A01011,Financials,Shriram City Union Finance Ltd,,Consumer Finance,Consumer Finance,2014-08-01,
SF IN Equity,INE387A01021,Consumer Discretionary,Sundram Fasteners Ltd,281981766121.50006,Automobile Components,Automotive Parts & Equipment,2014-08-01,0.0008999646103816375
SG IN Equity,INE631A01022,Industrials,Shanthi Gears Ltd,43098966215.399994,Machinery,Industrial Machinery & Supplie,2014-08-01,0.00013755337755130262
SHFL IN Equity,INE721A01013,Financials,Shriram Finance Ltd,1184785678286.0999,Consumer Finance,Consumer Finance,2014-08-01,0.003781326700695472
SHOP IN Equity,INE498B01024,Consumer Discretionary,Shoppers Stop Ltd,75021624354.95,Broadline Retail,Broadline Retail,2014-08-01,0.00023943678295747873
SHRS IN Equity,INE087H01022,Consumer Staples,Shree Renuka Sugars Ltd,92376456148.19998,Food Products,Packaged Foods & Meats,2014-08-01,0.0002948259474693475
SI IN Equity,INE195A01028,Materials,Supreme Industries Ltd,551201345647.5001,Chemicals,Commodity Chemicals,2014-08-01,0.0017591978059451692
SIB IN Equity,INE683A01023,Financials,South Indian Bank Ltd/The,64962179288.63,Banks,Diversified Banks,2014-08-01,0.00020733135754544925
UNBK IN Equity,INE692A01016,Financials,Union Bank of India Ltd,899620420784.95,Banks,Diversified Banks,2014-08-01,0.002871201753996537
UNITDSPR IN Equity,INE854D01024,Consumer Staples,United Spirits Ltd,1056949892036.95,Beverages,Distillers & Vintners,2014-08-01,0.003373329810871841
UPLL IN Equity,INE628A01036,Materials,UPL Ltd,419139306734.3999,Chemicals,Fertilizers & Agricultural Che,2014-08-01,0.0013377125339314377
USM IN Equity,INE228A01035,Materials,Usha Martin Ltd,130475193107.0,Metals & Mining,Steel,2014-08-01,0.00041642074217811316
UT IN Equity,INE694A01020,Real Estate,Unitech Ltd,27166052371.88,Real Estate Management & Devel,Real Estate Development,2014-08-01,8.670236403843149e-05
UTCEM IN Equity,INE481G01011,Materials,UltraTech Cement Ltd,3217766233932.5996,Construction Materials,Construction Materials,2014-08-01,0.010269726921891001
UTTM IN Equity,INE699A01011,Materials,AMNS Khopoli Ltd,,Metals & Mining,Steel,2014-08-01,
VCLF IN Equity,INE703A01011,Consumer Discretionary,Videocon Industries Ltd,,Household Durables,Consumer Electronics,2014-08-01,
VEDL IN Equity,INE205A01025,Materials,Vedanta Ltd,1827519858438.95,Metals & Mining,Diversified Metals & Mining,2014-08-01,0.00583265797638861
VGM IN Equity,INE884A01027,Consumer Discretionary,Vaibhav Global Ltd,48596693119.74999,"Textiles, Apparel & Luxury Goo","Apparel, Accessories & Luxury",2014-08-01,0.0001550997590762914
TICL IN Equity,INE672A01018,Financials,Tata Investment Corp Ltd,348409327315.19995,Capital Markets,Asset Management & Custody Ban,2014-08-01,0.00111197283719206
TMX IN Equity,INE152A01029,Industrials,Thermax Ltd,595418073284.9999,Machinery,Industrial Machinery & Supplie,2014-08-01,0.0019003185975763816
TNNP IN Equity,INE107A01015,Materials,Tamil Nadu Newsprint & Papers,12552726522.0,Paper & Forest Products,Paper Products,2014-08-01,4.006290828298214e-05
TPC IN Equity,INE422C01014,Materials,Tinplate Co of India Ltd/The,,Metals & Mining,Steel,2014-08-01,
TPW IN Equity,INE813H01021,Utilities,Torrent Power Ltd,877341908352.8,Electric Utilities,Electric Utilities,2014-08-01,0.0028000983169315916
TPWR IN Equity,INE245A01021,Utilities,Tata Power Co Ltd/The,1423364001211.1501,Electric Utilities,Electric Utilities,2014-08-01,0.004542766173857124
TRCL IN Equity,INE331A01037,Materials,Ramco Cements Ltd/The,210867319912.0,Construction Materials,Construction Materials,2014-08-01,0.0006729978608796071
TRENT IN Equity,INE849A01020,Consumer Discretionary,Trent Ltd,2541379858689.0,Specialty Retail,Apparel Retail,2014-08-01,0.008110992302145171
TRID IN Equity,INE064C01022,Consumer Discretionary,Trident Ltd/India,179020922687.1,"Textiles, Apparel & Luxury Goo",Textiles,2014-08-01,0.0005713578475384014
TRP IN Equity,INE685A01028,Health Care,Torrent Pharmaceuticals Ltd,1084770448272.0001,Pharmaceuticals,Pharmaceuticals,2014-08-01,0.00346212106995591
RTPOW IN Equity,INE399K01017,Utilities,RattanIndia Power Ltd,78886855083.40001,Independent Power and Renewabl,Independent Power Producers &,2014-08-01,0.00025177293828557113
RW IN Equity,INE301A01014,Real Estate,Raymond Ltd,110242769849.45,Real Estate Management & Devel,Real Estate Development,2014-08-01,0.00035184754241238174
SADE IN Equity,INE226H01026,Industrials,Sadbhav Engineering Ltd,5069917140.0,Construction & Engineering,Construction & Engineering,2014-08-01,1.618099661664398e-05
SAIL IN Equity,INE114A01011,Materials,Steel Authority of India Ltd,486318351133.5,Metals & Mining,Steel,2014-08-01,0.0015521191721691613
SAMMAANC IN Equity,INE148I01020,Financials,Sammaan Capital Ltd,106994203155.00002,Financial Services,Commercial & Residential Mortg,2014-08-01,0.00034147951365760853
SANL IN Equity,INE058A01010,Health Care,Sanofi India Ltd,155969129839.49997,Pharmaceuticals,Pharmaceuticals,2014-08-01,0.0004977864317194451
SAPH IN Equity,INE317A01028,Health Care,Shasun Pharmaceuticals Ltd,,Pharmaceuticals,Pharmaceuticals,2014-08-01,
SBBJ IN Equity,INE648A01026,Financials,State Bank of Bikaner & Jaipur,,Banks,Diversified Banks,2014-08-01,
SBIN IN Equity,INE062A01020,Financials,State Bank of India,7328897971920.801,Banks,Diversified Banks,2014-08-01,0.023390692591749022
SBTR IN Equity,INE654A01024,Financials,State Bank of Travancore,,Banks,Diversified Banks,2014-08-01,
SIEM IN Equity,INE003A01024,Industrials,Siemens Ltd,2474715264020.5,Industrial Conglomerates,Industrial Conglomerates,2014-08-01,0.007898227566352873
SINF IN Equity,INE059B01024,Industrials,Simplex Infrastructures Ltd,16754274824.0,Construction & Engineering,Construction & Engineering,2014-08-01,5.3472444766911396e-05
SINT IN Equity,INE429C01035,Consumer Discretionary,Sintex Industries Ltd,,"Textiles, Apparel & Luxury Goo",Textiles,2014-08-01,
SJC IN Equity,INE633A01028,Consumer Discretionary,Shrenuj & Co Ltd,,"Textiles, Apparel & Luxury Goo","Apparel, Accessories & Luxury",2014-08-01,
SKB IN Equity,INE264A01014,Consumer Staples,GlaxoSmithKline Consumer Healt,,Food Products,Packaged Foods & Meats,2014-08-01,
SKF IN Equity,INE640A01023,Industrials,SKF India Ltd,259042566629.24997,Machinery,Industrial Machinery & Supplie,2014-08-01,0.0008267525441638018
SKNL IN Equity,INE772A01016,Consumer Discretionary,S Kumars Nationwide Ltd,,"Textiles, Apparel & Luxury Goo",Textiles,2014-08-01,
SNDB IN Equity,INE667A01018,Financials,Syndicate Bank,,Banks,Diversified Banks,2014-08-01,
SOBHA IN Equity,INE671H01015,Real Estate,Sobha Ltd,161120401601.95,Real Estate Management & Devel,Real Estate Development,2014-08-01,0.0005142270773272386
SOTL IN Equity,INE089C01029,Information Technology,Sterlite Technologies Ltd,58242116448.7,Communications Equipment,Communications Equipment,2014-08-01,0.00018588380503642695
PAISALO IN Equity,INE420C01059,Financials,Paisalo Digital Ltd,42441558494.8,Consumer Finance,Consumer Finance,2014-08-01,0.00013545521464073797
PARSV IN Equity,INE561H01026,Real Estate,Parsvnath Developers Ltd,8538254555.400001,Real Estate Management & Devel,Real Estate Development,2014-08-01,2.7250439062002587e-05
PATANJAL IN Equity,INE619A01035,Consumer Staples,Patanjali Foods Ltd,655608878268.2999,Food Products,Packaged Foods & Meats,2014-08-01,0.0020924217789289384
PEC IN Equity,INE244B01030,Industrials,Patel Engineering Ltd,43975108173.35999,Construction & Engineering,Construction & Engineering,2014-08-01,0.00014034964614228213
PENL IN Equity,INE138A01028,Real Estate,Peninsula Land Ltd,15209709109.400003,Real Estate Management & Devel,Real Estate Development,2014-08-01,4.8542854812680537e-05
PEPL IN Equity,INE811K01011,Real Estate,Prestige Estates Projects Ltd,706289897922.0,Real Estate Management & Devel,Real Estate Development,2014-08-01,0.00225417381252225
PFIZ IN Equity,INE182A01018,Health Care,Pfizer Ltd,236030848480.8,Pharmaceuticals,Pharmaceuticals,2014-08-01,0.000753309029561661
PG IN Equity,INE179A01014,Consumer Staples,Procter & Gamble Hygiene & Hea,527749891961.5999,Personal Care Products,Personal Care Products,2014-08-01,0.0016843508444922776
PGHL IN Equity,INE199A01012,Health Care,Procter & Gamble Health Ltd,86351645102.2,Pharmaceuticals,Pharmaceuticals,2014-08-01,0.0002755973398887422
PHNX IN Equity,INE211B01039,Real Estate,Phoenix Mills Ltd/The,554180753068.4,Real Estate Management & Devel,Diversified Real Estate Activi,2014-08-01,0.0017687067939751364
OBER IN Equity,INE093I01010,Real Estate,Oberoi Realty Ltd,717496294272.1,Real Estate Management & Devel,Real Estate Development,2014-08-01,0.002289939813507769
OFSS IN Equity,INE881D01027,Information Technology,Oracle Financial Services Soft,939340348554.3002,Software,Application Software,2014-08-01,0.0029979706930347003
OINL IN Equity,INE274J01014,Energy,Oil India Ltd,769385485142.9999,"Oil, Gas & Consumable Fuels",Oil & Gas Exploration & Produc,2014-08-01,0.0024555478103916047
OMDC IN Equity,INE725E01024,Materials,Orissa Minerals Development Co,48543600000.00001,Metals & Mining,Steel,2014-08-01,0.00015493030865583706
ONGC IN Equity,INE213A01029,Energy,Oil & Natural Gas Corp Ltd,3418690874230.5,"Oil, Gas & Consumable Fuels",Integrated Oil & Gas,2014-08-01,0.010910992022499871
OPTC IN Equity,INE808B01016,Health Care,Opto Circuits India Ltd,,Health Care Equipment & Suppli,Health Care Equipment,2014-08-01,
ORB IN Equity,INE628H01015,Real Estate,Orbit Corp Ltd,,Real Estate Management & Devel,Real Estate Development,2014-08-01,
ORCP IN Equity,INE191A01027,Health Care,Orchid Pharma Ltd,73301786501.25,Pharmaceuticals,Pharmaceuticals,2014-08-01,0.00023394779966180777
OSWALGRE IN Equity,INE143A01010,Real Estate,Oswal Greentech Ltd,12807072759.329998,Real Estate Management & Devel,Real Estate Development,2014-08-01,4.087467216236042e-05
PAG IN Equity,INE761H01022,Consumer Discretionary,Page Industries Ltd,484074785437.8,"Textiles, Apparel & Luxury Goo","Apparel, Accessories & Luxury",2014-08-01,0.0015449586746839222
PRJ IN Equity,INE074A01025,Industrials,Praj Industries Ltd,137685193566.39996,Construction & Engineering,Construction & Engineering,2014-08-01,0.00043943196500838456
PRSMJ IN Equity,INE010A01011,Materials,Prism Johnson Ltd,96825671728.80002,Construction Materials,Construction Materials,2014-08-01,0.0003090259314667998
PSYS IN Equity,INE262H01021,Information Technology,Persistent Systems Ltd,839875650000.0,IT Services,IT Consulting & Other Services,2014-08-01,0.002680522122113353
PTCIF IN Equity,INE560K01014,Financials,PTC India Financial Services L,28742179241.25,Financial Services,Specialized Finance,2014-08-01,9.173268363467594e-05
PTCIN IN Equity,INE877F01012,Utilities,PTC India Ltd,55122669536.619995,Independent Power and Renewabl,Independent Power Producers &,2014-08-01,0.0001759278711352731
PUNJ IN Equity,INE701B01021,Industrials,Punj Lloyd Ltd,,Construction & Engineering,Construction & Engineering,2014-08-01,
PURVA IN Equity,INE323I01011,Real Estate,Puravankara Ltd,100326174662.3,Real Estate Management & Devel,Real Estate Development,2014-08-01,0.00032019803242218457
PVRINOX IN Equity,INE191H01014,Communication Services,PVR Inox Ltd,154728086171.99997,Entertainment,Movies & Entertainment,2014-08-01,0.0004938255536951299
PWGR IN Equity,INE752E01010,Utilities,Power Grid Corp of India Ltd,2995259459908.95,Electric Utilities,Electric Utilities,2014-08-01,0.009559580925765898
RAJT IN Equity,INE952H01027,Communication Services,Raj Television Network Ltd,2253558263.0399995,Media,Broadcasting,2014-08-01,7.192389465690619e-06
VI IN Equity,INE386A01015,Industrials,Vesuvius India Ltd,107251590348.00002,Machinery,Industrial Machinery & Supplie,2014-08-01,0.0003423009829605764
VIP IN Equity,INE054A01027,Consumer Discretionary,VIP Industries Ltd,68635099418.39999,"Textiles, Apparel & Luxury Goo","Apparel, Accessories & Luxury",2014-08-01,0.00021905374009172727
VJYBK IN Equity,INE705A01016,Financials,Vijaya Bank,,Banks,Diversified Banks,2014-08-01,
VKI IN Equity,INE051B01021,Consumer Discretionary,Vakrangee Ltd,29026182914.51,Broadline Retail,Broadline Retail,2014-08-01,9.263910130369024e-05
VOLT IN Equity,INE226A01021,Industrials,Voltas Ltd,543593995109.0,Construction & Engineering,Construction & Engineering,2014-08-01,0.0017349184124312359
VST IN Equity,INE710A01016,Consumer Staples,VST Industries Ltd,59706183680.00001,Tobacco,Tobacco,2014-08-01,0.00019055647842773304
VTEX IN Equity,INE825A01020,Consumer Discretionary,Vardhman Textiles Ltd,136635093000.0,"Textiles, Apparel & Luxury Goo",Textiles,2014-08-01,0.00043608049530131676
VYSB IN Equity,INE166A01011,Financials,ING Vysya Bank Ltd,,Banks,Diversified Banks,2014-08-01,
WCPM IN Equity,INE976A01021,Materials,West Coast Paper Mills Ltd,37902165855.799995,Paper & Forest Products,Paper Products,2014-08-01,0.0001209674242281953
WELSPUNL IN Equity,INE192B01031,Consumer Discretionary,Welspun Living Ltd,148937202373.92,"Textiles, Apparel & Luxury Goo",Textiles,2014-08-01,0.000475343541355159
SUF IN Equity,INE660A01013,Financials,Sundaram Finance Ltd,541148015709.00006,Consumer Finance,Consumer Finance,2014-08-01,0.0017271118973930474
SUNP IN Equity,INE044A01036,Health Care,Sun Pharmaceutical Industries,4458815187424.0,Pharmaceuticals,Pharmaceuticals,2014-08-01,0.014230621816818988
SUNTV IN Equity,INE424H01027,Communication Services,Sun TV Network Ltd,297041282325.00006,Media,Broadcasting,2014-08-01,0.0009480281139869703
SWAN IN Equity,INE665A01038,Consumer Discretionary,Swan Energy Ltd,156947862820.19998,"Textiles, Apparel & Luxury Goo",Textiles,2014-08-01,0.0005009101267645489
SWE IN Equity,INE277A01016,Industrials,Swaraj Engines Ltd,37033336318.5,Machinery,Agricultural & Farm Machinery,2014-08-01,0.00011819449374130937
SWH IN Equity,INE824G01012,Financials,JSW Holdings Ltd/India,108953364018.75,Capital Markets,Asset Management & Custody Ban,2014-08-01,0.0003477323131477004
TATA IN Equity,INE081A01020,Materials,Tata Steel Ltd,1869479662024.3835,Metals & Mining,Steel,2014-08-01,0.005966575636402073
TATACONS IN Equity,INE192A01025,Consumer Staples,Tata Consumer Products Ltd,1000283864553.1001,Food Products,Packaged Foods & Meats,2014-08-01,0.003192476204456721
TATASLPL IN Equity,INE674A01014,Materials,Tata Steel Long Products Ltd,,Metals & Mining,Steel,2014-08-01,
TATASTL IN Equity,INE824B01021,Materials,Tata Steel BSL Ltd,,Metals & Mining,Steel,2014-08-01,
RELG IN Equity,INE621H01010,Financials,Religare Enterprises Ltd,83283925350.45001,Insurance,Life & Health Insurance,2014-08-01,0.0002658064968526214
RELI IN Equity,INE036A01016,Utilities,Reliance Infrastructure Ltd,115293984013.7,Electric Utilities,Electric Utilities,2014-08-01,0.00036796884716839466
RELIANCE IN Equity,INE002A01018,Energy,Reliance Industries Ltd,18115652169329.7,"Oil, Gas & Consumable Fuels",Oil & Gas Refining & Marketing,2014-08-01,0.05781737617515047
RIIL IN Equity,INE046A01015,Energy,Reliance Industrial Infrastruc,16995805000.0,"Oil, Gas & Consumable Fuels",Oil & Gas Storage & Transporta,2014-08-01,5.424330528647275e-05
RINDL IN Equity,INE855B01025,Materials,Rain Industries Ltd,55042970368.35,Chemicals,Commodity Chemicals,2014-08-01,0.00017567350564240308
RJEX IN Equity,INE343B01030,Consumer Discretionary,Rajesh Exports Ltd,77372872255.95,"Textiles, Apparel & Luxury Goo","Apparel, Accessories & Luxury",2014-08-01,0.00024694095576354005
RLTA IN Equity,INE293A01013,Information Technology,Rolta India Ltd,660247592.9,IT Services,IT Consulting & Other Services,2014-08-01,2.107226562456646e-06
RNAVAL IN Equity,INE542F01012,Industrials,Reliance Naval & Engineering L,,Machinery,Construction Machinery & Heavy,2014-08-01,
RPRO IN Equity,INE904G01038,Consumer Staples,Rasoya Proteins Ltd,,Food Products,Packaged Foods & Meats,2014-08-01,
RPWR IN Equity,INE614G01033,Utilities,Reliance Power Ltd,172850260666.98,Independent Power and Renewabl,Independent Power Producers &,2014-08-01,0.0005516637463306615
TTAN IN Equity,INE280A01028,Consumer Discretionary,Titan Co Ltd,2924101275192.0,"Textiles, Apparel & Luxury Goo","Apparel, Accessories & Luxury",2014-08-01,0.00933247458174555
TTCH IN Equity,INE092A01019,Materials,Tata Chemicals Ltd,294179812020.49994,Chemicals,Commodity Chemicals,2014-08-01,0.000938895530546811
TTKPT IN Equity,INE690A01028,Consumer Discretionary,TTK Prestige Ltd,122540492359.19998,Household Durables,Household Appliances,2014-08-01,0.00039109658748113233
TTMT IN Equity,INE155A01022,Consumer Discretionary,Tata Motors Ltd,3533629278568.05,Automobiles,Automobile Manufacturers,2014-08-01,0.011277826012159188
TV18 IN Equity,INE886H01027,Communication Services,TV18 Broadcast Ltd,77609084443.20001,Media,Broadcasting,2014-08-01,0.00024769484354851925
TVSL IN Equity,INE494B01023,Consumer Discretionary,TVS Motor Co Ltd,1192326130005.8,Automobiles,Motorcycle Manufacturers,2014-08-01,0.0038053925819308476
UBBL IN Equity,INE686F01025,Consumer Staples,United Breweries Ltd,511967690008.69995,Beverages,Brewers,2014-08-01,0.001633980838562937
UCO IN Equity,INE691A01018,Financials,UCO Bank,556669412674.5599,Banks,Diversified Banks,2014-08-01,0.0017766495258887496
UFLX IN Equity,INE516A01017,Materials,Uflex Ltd,42319541370.299995,Containers & Packaging,Paper & Plastic Packaging Prod,2014-08-01,0.000135065788418536
UL IN Equity,INE351A01035,Health Care,Unichem Laboratories Ltd,60179314812.50001,Pharmaceuticals,Pharmaceuticals,2014-08-01,0.0001920665096654845
